{
  "basics": {
    "name": "vidya",
    "label": "software developer",
    "picture": "images/san.jpg",
    "email": "sandhya@gmail.com",
    "phone": "9885385066",
    "degree": "B.tech",
    "website": "",
    "summary": "",
    "highlights": null,
    "location": {
      "address": "bv nagar",
      "postalCode": "524001",
      "city": "nellore",
      "countryCode": "",
      "region": "nellore"
    },
    "profiles": [
      {
        "network": "",
        "username": "",
        "url": ""
      }
    ]
  },
  "work": [
    {
      "company": "wipro",
      "position": "software tester",
      "website": "",
      "startDate": "2016",
      "endDate": "2017",
      "summary": "",
      "highlights": [
        ""
      ]
    }
  ],
  "additionalWork": [
    {
      "company": "cisco",
      "position": "developer",
      "website": "",
      "startDate": "2016",
      "endDate": "2018",
      "summary": "",
      "highlights": [
        ""
     ]
    }
  ],
  "workLabel": "",
  "additionalWorkLabel": "",
  "education": [
    {
      "institution": "narayana engineering college",
      "area": "nellore",
      "studyType": "btech",
      "startDate": "2015",
      "endDate": "2018",
      "gpa": "8.0",
      "courses": [
        ""
      ]
    }
  ],
  "publications": [
    {
      "name": "",
      "publisher": "",
      "releaseDate": "",
      "website": "",
      "summary": "",
      "isbn": ""
    }
  ],
  "additionalPublications": [
    {
      "name": "",
      "publisher": "",
      "releaseDate": "",
      "website": "",
      "summary": "",
      "isbn": ""
    }
  ],
  "publicationsLabel": "",
  "additionalPublicationsLabel": "",
  "skills": [
    {
      "name": "Operating Systems",
      "level": "",
      "keywords": [
        "WINDOWS",
        "LINUX"
      ]
    }
  ]
}
