{
  "basics": {
    "name": "chandra",
    "label": "",
    "picture": "images/srk.jpg",
    "email": "chandrakalab61@gmail.com",
    "phone": "1122223455154",
    "degree": "btech",
    "website": "",
    "summary": "",
    "highlights": null,
    "location": {
      "address": "nellore",
      "postalCode": "",
      "city": "kurnool",
      "countryCode": "",
      "region": "hindu"
    },
    "profiles": [
      {
        "network": "",
        "username": "chandra",
        "url": ""
      }
    ]
  },
  "work": [
    {
      "company": "",
      "position": "",
      "website": "",
      "startDate": "",
      "endDate": "",
      "summary": "",
      "highlights": [
        ""
      ]
    }
  ],
  "additionalWork": [
    {
      "company": "",
      "position": "",
      "website": "",
      "startDate": "",
      "endDate": "",
      "summary": "",
      "highlights": [
        ""
      ]
    }
  ],
  "workLabel": "",
  "additionalWorkLabel": "",
  "education": [
    {
      "institution": "",
      "area": "",
      "studyType": "",
      "startDate": "",
      "endDate": "",
      "gpa": "",
      "courses": [
        ""
      ]
    }
  ],
  "publications": [
    {
      "name": "",
      "publisher": "",
      "releaseDate": "",
      "website": "",
      "summary": "",
      "isbn": ""
    }
  ],
  "additionalPublications": [
    {
      "name": "",
      "publisher": "",
      "releaseDate": "",
      "website": "",
      "summary": "",
      "isbn": ""
    }
  ],
  "publicationsLabel": "",
  "additionalPublicationsLabel": "",
  "skills": [
    {
      "name": "",
      "level": "",
      "keywords": [
        ""
      ]
    }
  ]
}
